[{
		"id": 1,
		"name": "Espresso",
		"price": 2.99,
		"image": "images/espresso.jpg",
		"type": "hot"
	},
	{
		"id": 2,
		"name": "Americano",
		"price": 3.49,
		"image": "images/americano.jpg",
		"type": "hot"
	},
	{
		"id": 3,
		"name": "Latte",
		"price": 4.29,
		"image": "images/latte.jpg",
		"type": "hot"
	},
	{
		"id": 4,
		"name": "Cappuccino",
		"price": 4.29,
		"image": "images/cappuccino.jpg",
		"type": "hot"
	},

	{
		"id": 5,
		"name": "Iced Coffee",
		"price": 3.99,
		"image": "images/iced-coffee.jpg",
		"type": "cold"
	},
	{
		"id": 6,
		"name": "Cold Brew",
		"price": 4.49,
		"image": "images/cold-brew.jpg",
		"type": "cold"
	},
	{
		"id": 7,
		"name": "Iced Latte",
		"price": 4.79,
		"image": "images/iced-latte.jpg",
		"type": "cold"
	},

	{
		"id": 8,
		"name": "Mocha",
		"price": 4.99,
		"image": "images/mocha.jpg",
		"type": "specialty"
	},
	{
		"id": 9,
		"name": "Caramel Macchiato",
		"price": 5.29,
		"image": "images/caramel-macchiato.jpg",
		"type": "specialty"
	},

	{
		"id": 10,
		"name": "Milk Cake",
		"price": 3.49,
		"image": "images/milk-cake.jpg",
		"type": "food"
	},
	{
		"id": 11,
		"name": "Hotdog Pretzel",
		"price": 3.99,
		"image": "images/hotdog.jpg",
		"type": "food"
	},
	{
		"id": 12,
		"name": "Chocolate bread",
		"price": 3.99,
		"image": "images/chocolate-bread.jpg",
		"type": "food"
	},
	{
		"id": 13,
		"name": "Milk Cream Croissant",
		"price": 3.99,
		"image": "images/croissant.jpg",
		"type": "food"
	}
]
